hoja,fila,entidad,enlace_actual
Fuentes Normativas,2,,(vacío)
Fuentes Normativas,3,,(vacío)
Fuentes Normativas,4,,(vacío)
Fuentes Normativas,5,,(vacío)
Fuentes Normativas,6,,(vacío)
Fuentes Normativas,7,,(vacío)
Fuentes Normativas,8,,(vacío)
Fuentes Normativas,9,,(vacío)
Fuentes Normativas,10,,(vacío)
Fuentes Normativas,11,,(vacío)
Fuentes Normativas,12,,(vacío)
Fuentes Normativas,13,,(vacío)
Fuentes Normativas,14,,(vacío)
Fuentes Normativas,15,,(vacío)
Fuentes Normativas,16,,(vacío)
Fuentes Normativas,17,,(vacío)
Fuentes Normativas,18,,(vacío)
Fuentes Normativas,19,,(vacío)
Fuentes Normativas,20,,(vacío)
Fuentes Normativas,21,,(vacío)
Fuentes Normativas,22,,(vacío)
Fuentes Normativas,23,,(vacío)
Fuentes Normativas,24,,(vacío)
Fuentes Normativas,25,,(vacío)
Fuentes Normativas,26,,(vacío)
Fuentes Normativas,27,,(vacío)
Fuentes Normativas,28,,(vacío)
Fuentes Normativas,29,,(vacío)
Fuentes Normativas,30,,(vacío)
Fuentes Normativas,31,,(vacío)
Fuentes Normativas,32,,(vacío)
Fuentes Normativas,33,,(vacío)
Fuentes Normativas,34,,(vacío)
Fuentes Normativas,35,,(vacío)
Fuentes Normativas,36,,(vacío)
Fuentes Normativas,37,,(vacío)
Fuentes Normativas,38,,(vacío)
Fuentes Normativas,39,,(vacío)
Fuentes Normativas,40,,(vacío)
Fuentes Normativas,41,,(vacío)
Fuentes Normativas,42,,(vacío)
Fuentes Normativas,43,,(vacío)
Fuentes Normativas,44,,(vacío)
Fuentes Normativas,45,,(vacío)
Fuentes Normativas,46,,(vacío)
Fuentes Normativas,47,,(vacío)
Fuentes Normativas,48,,(vacío)
Fuentes Normativas,49,,(vacío)
Fuentes Normativas,50,,(vacío)
Fuentes Normativas,51,,(vacío)
Fuentes Normativas,52,,(vacío)
Fuentes Normativas,53,,(vacío)
Fuentes Normativas,54,,(vacío)
Fuentes Normativas,55,,(vacío)
Fuentes Normativas,56,,(vacío)
Fuentes Normativas,57,,(vacío)
Fuentes Normativas,58,,(vacío)
Fuentes Normativas,59,,(vacío)
Fuentes Normativas,60,,(vacío)
Fuentes Normativas,61,,(vacío)
Fuentes Normativas,62,,(vacío)
Fuentes Normativas,63,,(vacío)
Fuentes Normativas,64,,(vacío)
Fuentes Normativas,65,,(vacío)
Fuentes Normativas,66,,(vacío)
Fuentes Normativas,67,,(vacío)
Fuentes Normativas,68,,(vacío)
Fuentes Normativas,69,,(vacío)
Fuentes Normativas,70,,(vacío)
Fuentes Normativas,71,,(vacío)
Fuentes Normativas,72,,(vacío)
Fuentes Normativas,73,,(vacío)
Fuentes Normativas,74,,(vacío)
Fuentes Normativas,75,,(vacío)
Fuentes Normativas,76,,(vacío)
Fuentes Normativas,77,,(vacío)
Fuentes Normativas,78,,(vacío)
Fuentes Normativas,79,,(vacío)
Fuentes Normativas,80,,(vacío)
Fuentes Normativas,81,,(vacío)
Fuentes Normativas,82,,(vacío)
Fuentes Normativas,83,,(vacío)
Fuentes Normativas,84,,(vacío)
Fuentes Normativas,85,,(vacío)
Fuentes Normativas,86,,(vacío)
Fuentes Normativas,87,,(vacío)
Fuentes Normativas,88,,(vacío)
Fuentes Normativas,89,,(vacío)
Fuentes Normativas,90,,(vacío)
Fuentes Normativas,91,,(vacío)
Fuentes Normativas,92,,(vacío)
Fuentes Normativas,93,,(vacío)
Fuentes Normativas,94,,(vacío)
Fuentes Normativas,95,,(vacío)
Fuentes Normativas,96,,(vacío)
Fuentes Normativas,97,,(vacío)
Fuentes Normativas,98,,(vacío)
Fuentes Normativas,99,,(vacío)
Fuentes Normativas,100,,(vacío)
Fuentes Normativas,101,,(vacío)
Fuentes Normativas,102,,(vacío)
Fuentes Normativas,103,,(vacío)
Fuentes Normativas,104,,(vacío)
Fuentes Normativas,105,,(vacío)
Fuentes Normativas,106,,(vacío)
Fuentes Normativas,107,,(vacío)
Fuentes Normativas,108,,(vacío)
Fuentes Normativas,109,,(vacío)
Fuentes Normativas,110,,(vacío)
Fuentes Normativas,111,,(vacío)
Fuentes Normativas,112,,(vacío)
Fuentes Normativas,113,,(vacío)
Fuentes Normativas,114,,(vacío)
Fuentes Normativas,115,,(vacío)
Fuentes Normativas,116,,(vacío)
Fuentes Normativas,117,,(vacío)
Fuentes Normativas,118,,(vacío)
Fuentes Normativas,119,,(vacío)
Fuentes Normativas,120,,(vacío)
Fuentes Normativas,121,,(vacío)
Fuentes Normativas,122,,(vacío)
Fuentes Normativas,123,,(vacío)
Fuentes Normativas,124,,(vacío)
Fuentes Normativas,125,,(vacío)
Fuentes Normativas,126,,(vacío)
Fuentes Normativas,127,,(vacío)
Fuentes Normativas,128,,(vacío)
Fuentes Normativas,129,,(vacío)
Fuentes Normativas,130,,(vacío)
Fuentes Normativas,131,,(vacío)
Fuentes Normativas,132,,(vacío)
Fuentes Normativas,133,,(vacío)
Fuentes Normativas,134,,(vacío)
Fuentes Normativas,135,,(vacío)
Fuentes Normativas,136,,(vacío)
Fuentes Normativas,137,,(vacío)
Fuentes Normativas,138,,(vacío)
Fuentes Normativas,139,,(vacío)
Fuentes Normativas,140,,(vacío)
Fuentes Normativas,141,,(vacío)
Fuentes Normativas,142,,(vacío)
Fuentes Normativas,143,,(vacío)
Fuentes Normativas,144,,(vacío)
Fuentes Normativas,145,,(vacío)
Fuentes Normativas,146,,(vacío)
Fuentes Normativas,147,,(vacío)
Fuentes Normativas,148,,(vacío)
Fuentes Normativas,149,,(vacío)
Fuentes Normativas,150,,(vacío)
Fuentes Normativas,151,,(vacío)
Fuentes Normativas,152,,(vacío)
Fuentes Normativas,153,,(vacío)
Fuentes Normativas,154,,(vacío)
Fuentes Normativas,155,,(vacío)
Fuentes Normativas,156,,(vacío)
Fuentes Normativas,157,,(vacío)
Fuentes Normativas,158,,(vacío)
Fuentes Normativas,159,,(vacío)
Fuentes Normativas,160,,(vacío)
Fuentes Normativas,161,,(vacío)
Fuentes Normativas,162,,(vacío)
Fuentes Normativas,163,,(vacío)
Fuentes Normativas,164,,(vacío)
Fuentes Normativas,165,,(vacío)
Fuentes Normativas,166,,(vacío)
Fuentes Normativas,167,,(vacío)
Fuentes Normativas,168,,(vacío)
Fuentes Normativas,169,,(vacío)
Fuentes Normativas,170,,(vacío)
Fuentes Normativas,171,,(vacío)
Fuentes Normativas,172,,(vacío)
Fuentes Normativas,173,,(vacío)
Fuentes Normativas,174,,(vacío)
Fuentes Normativas,175,,(vacío)
Fuentes Normativas,176,,(vacío)
Fuentes Normativas,177,,(vacío)
Fuentes Normativas,178,,(vacío)
Fuentes Normativas,179,,(vacío)
Fuentes Normativas,180,,(vacío)
Fuentes Normativas,181,,(vacío)
Fuentes Normativas,182,,(vacío)
Fuentes Normativas,183,,(vacío)
Fuentes Normativas,184,,(vacío)
Fuentes Normativas,185,,(vacío)
Fuentes Normativas,186,,(vacío)
Fuentes Normativas,187,,(vacío)
Fuentes Normativas,188,,(vacío)
Fuentes Normativas,189,,(vacío)
Fuentes Normativas,190,,(vacío)
Fuentes Normativas,191,,(vacío)
Fuentes Normativas,192,,(vacío)
Fuentes Normativas,193,,(vacío)
Fuentes Normativas,194,,(vacío)
Fuentes Normativas,195,,(vacío)
Fuentes Normativas,196,,(vacío)
Fuentes Normativas,197,,(vacío)
Fuentes Normativas,198,,(vacío)
Fuentes Normativas,199,,(vacío)
Fuentes Normativas,200,,(vacío)
Fuentes Normativas,201,,(vacío)
Fuentes Normativas,202,,(vacío)
Fuentes Normativas,203,,(vacío)
Fuentes Normativas,204,,(vacío)
,,,